type,name,notice,furigana
その他プラ,アイスキャンディ,外袋（プラマーク付）,あ
可燃,アイスキャンディ,棒,あ
可燃,アイスクリーム,容器（紙製）,あ
その他プラ,アイスクリーム,容器（プラ製・プラマーク付）,あ
可燃,アイスクリーム,へら（木製・プラ製）,あ
その他紙,アイスクリーム,へらの袋（紙製）,あ
その他プラ,アイスクリーム,へらの袋（プラ製）,あ
可燃,アイスノン,,あ
不燃,アイスピック,,あ
可燃粗大,アイスボックス,,あ
不燃,アイロン,,あ
不燃粗大,アイロン台,金属製足付,あ
可燃粗大,アイロン台,金属なし台のみ,あ
不燃,アクセサリー,金属製・石製・ガラス製,あ
可燃,アクセサリー,木製・プラ製,あ
不燃,アコーディオンカーテン,,あ
収集しません,アスファルト片,,あ
不燃,アダプター（電源用）,,あ
収集しません,油（機械用）,,あ
可燃,油（食用）,油（処理したもの）,あ
不燃,油（食用）,ふた（金属製）,あ
可燃,油（食用）,ふた（プラ製）,あ
可燃,油（食用）,容器（プラ製）,あ
不燃,油（食用）,容器（缶・びん）,あ
不燃,油こし容器（オイルポット）,金属製,あ
不燃粗大,雨どい,,あ
不燃,編み機,,あ
不燃粗大,網戸,,あ
不燃,編み棒（針）,金属製,あ
可燃,編み棒（針）,木製・プラ製,あ
その他プラ,あめ,袋（プラマーク付）,あ
不燃,アルバム,,あ
不燃,アルミ箔鍋（鍋焼きうどん等）,,あ
不燃,アルミホイル,ホイル・刃の部分,あ
その他紙,アルミホイル,紙箱,あ
可燃,アルミホイル,芯,あ
不燃,泡だて器,金属製,あ
可燃,泡だて器,プラ製,あ
不燃,安全靴,,あ
不燃,安全ピン,,あ
不燃,アンテナ,室内用,あ
不燃粗大,アンテナ,屋外用,あ
不燃,アンプ,,あ
不燃,育毛剤,スプレー缶,い
その他紙,育毛剤,紙箱,い
その他プラ,育毛剤,ふた（プラ製・プラマーク付）,い
びん,育毛剤,びん,い
可燃,衣装ケース（衣装箱）,プラ製（１辺が30cm未満）,い
可燃粗大,衣装ケース（衣装箱）,プラ製（１辺が30cm以上）,い
不燃,衣装ケース（衣装箱）,金属製（１辺が30cm未満）,い
不燃粗大,衣装ケース（衣装箱）,金属製（１辺が30cm以上）,い
可燃,椅子,木製（30cm未満）,い
可燃粗大,椅子,木製（30cm以上）,い
不燃粗大,椅子,金属製,い
不燃粗大,椅子,ベンチ,い
可燃,板（木製）,長さ30cm未満,い
可燃粗大,板（木製）,上記以外のもの,い
不燃粗大,一輪自転車,,い
不燃粗大,一輪車（ねこ）,,い
びん,一升瓶,びん,い
可燃,一升瓶,ふた（プラ製）,い
不燃,一升瓶,ふた（金属製）,い
不燃粗大,一斗缶,金属製（18リットル）,い
不燃粗大,犬小屋,金属製,い
可燃粗大,犬小屋,木製・プラ製,い
可燃,イヤホン,テレビ用等の金属を使用してないもの,い
収集しません,医療廃棄物全般,,い
可燃粗大,衣類,下着以外のもの,い
可燃,衣類,下着などの小さいもの,い
収集しません,衣類乾燥機,,い
可燃,入れ歯,,い
可燃,色鉛筆,色鉛筆,い
その他紙,色鉛筆,ケース（紙製）,い
不燃,色鉛筆,ケース（金属製）,い
その他プラ,色鉛筆,ケース（プラ製・プラマーク付）,い
可燃,印鑑,木製・ゴム製・象牙,い
不燃,印鑑,金属製・石製,い
可燃,印鑑,ケース（プラ製）,い
不燃,印鑑,ケース（金属製）,い
販売店の回収BOXへ,インク（プリンター用）,容器（プラ製）,い
その他紙,インク（プリンター用）,紙箱,い
びん,インスタントコーヒー,びん,い
その他プラ,インスタントコーヒー,ふた（プラ製・プラマーク付）,い
可燃,インスタント食品,容器・ふた（紙マーク付）,い
可燃,インスタント食品,容器（発泡・プラ製）,い
可燃,インスタント食品,ふた・スープ等の袋（プラマーク付）,い
その他プラ,インスタント食品,外袋（プラ製・プラマーク付）,い
その他紙,インスタント食品,外箱（紙製）,い
不燃,インターホン,,い
缶,ウィスキー,缶,う
びん,ウィスキー,びん,う
その他プラ,ウィスキー,ふた（プラ製・プラマーク付）,う
不燃,ウィスキー,ふた（金属製）,う
可燃,ウィダーインゼリー,,う
可燃粗大,ウインドブレーカー,,う
可燃,植木,長さ30cm未満,う
可燃粗大,植木,長さ90cm、太さ10cm未満,う
可燃,植木鉢,プラ製（30cm未満）,う
可燃粗大,植木鉢,プラ製（30cm以上）,う
不燃,植木鉢,陶器製,う
可燃,ウエストポーチ,,う
その他プラ,ウエットティッシュ,容器（プラ製・プラマーク付）,う
不燃,ウォークマン,,う
その他プラ,ウォッシャー液,容器（プラ製・プラマーク付）,う
その他プラ,うがい薬,容器（プラ製・プラマーク付）,う
収集しません,浮き球（漁業用）,,う
可燃粗大,浮き輪（浮き袋）,,う
可燃,受け皿（植木用）,プラ製,う
不燃,受け皿（植木用）,金属製,う
可燃,うちわ,,う
不燃,腕時計,,う
不燃粗大,乳母車,,う
不燃,梅酒用のびん,びん（大）,う
可燃,梅酒用のびん,ふた（プラ製）,う
その他プラ,梅干,容器（プラ製・プラマーク付）,う
可燃,MD,,え
不燃粗大,MDコンポ,,え
不燃,MDプレーヤー,,え
収集しません,エアコン,,え
不燃粗大,エアコンプレッサー（家庭用）,,え
びん,栄養ドリンク,びん,え
その他プラ,栄養ドリンク,ふた（プラ製・プラマーク付）,え
不燃,栄養ドリンク,ふた（金属製）,え
可燃,エコスティック（緩衝材）,,え
可燃,枝,長さ30cm、太さ10cm未満,え
可燃粗大,枝,上記以外のもの,え
不燃粗大,エレキギター,,え
不燃粗大,エレクトーン,,え
収集しません,エンジン,,え
収集しません,エンジンオイル,オイル,え
不燃,エンジンオイル,缶,え
不燃,延長コード,,え
不燃粗大,煙突,,え
不燃粗大,煙突ガード,,え
可燃,鉛筆,,え
不燃,鉛筆削り器,,え
可燃粗大,塩ビパイプ,,え
可燃,オアシス（生け花固定用）,,お
収集しません,オイル交換用廃油処理ボックス,自動車エンジンオイル交換用,お
不燃粗大,オイルヒーター,,お
不燃粗大,オーディオラック,金属製,お
可燃粗大,オーディオラック,木製,お
不燃,オーブントースター,レンジ機能のないもの,お
不燃粗大,オーブンレンジ,,お
その他プラ,お菓子,袋（プラ製・プラマーク付）,お
その他紙,お菓子,袋（紙製）,お
可燃,お菓子,包み紙（アルミホイル）,お
その他プラ,お菓子,容器（プラ製・プラマーク付）,お
その他紙,お菓子,容器（紙製）,お
不燃,お菓子,容器（缶）,お
可燃,おけ,木製・プラ製（30cm未満）,お
可燃粗大,おけ,木製・プラ製（30cm以上）,お
その他プラ,おしぼり,袋（プラ製・プラマーク付）,お
可燃,おしぼり,本体,お
可燃,おしゃぶり,,お
不燃,おたま,金属製,お
可燃,おたま,木製・プラ製,お
可燃,落ち葉・木の葉,,お
その他紙,お茶・紅茶,紙パック,お
缶,お茶・紅茶,缶,お
ペットボトル,お茶・紅茶,ボトル（PET１マーク付）,お
その他プラ,お茶・紅茶,アルミの袋（プラマーク付）,お
可燃,お茶・紅茶,ストロー,お
その他プラ,お茶・紅茶,ストローの袋（プラ製）,お
その他プラ,お茶・紅茶,ふた（プラ製・プラマーク付）,お
不燃,お茶・紅茶,ふた（金属製）,お
不燃,斧（おの）,,お
可燃粗大,帯,,お
可燃,おひつ・お鉢,木製・プラ製,お
不燃,オペラグラス,ガラス製・金属製,お
可燃,オペラグラス,プラ製,お
可燃,おぼん,木製・プラ製（30cm未満）,お
可燃粗大,おぼん,木製・プラ製（30cm以上）,お
不燃,おぼん,金属製（30cm未満）,お
不燃粗大,おぼん,金属製（30cm以上）,お
可燃,オムツ,紙製・布製,お
可燃,おもちゃ,木製・プラ製（30cm未満）,お
可燃粗大,おもちゃ,木製・プラ製（30cm以上）,お
不燃,おもちゃ,金属製（30cm未満）,お
不燃粗大,おもちゃ,金属製（30cm以上）,お
不燃,おもちゃ,乾電池,お
不燃粗大,オルガン,,お
不燃,オルゴール,,お
可燃,おろし金（おろし器）,プラ製,お
不燃,おろし金（おろし器）,金属製・陶器製,お
可燃,おわん,木製・プラ製,お
不燃,おわん,金属製,お
不燃,温度計・湿度計,,お
可燃,ガーゼ,,か
可燃,カーテン,１辺を30cmに切断した場合,か
可燃粗大,カーテン,そのままの場合,か
可燃,カーテンレール,木製・プラ製（30cm未満）,か
可燃粗大,カーテンレール,木製・プラ製（30cm以上）,か
不燃,カーテンレール,金属製（30cm未満）,か
不燃粗大,カーテンレール,金属製（30cm以上）,か
可燃,カード類,,か
可燃,カーペットボトル,１辺を30cmに切断した場合,か
可燃粗大,カーペットボトル,そのままの場合,か
不燃粗大,カーペットボトル,電気カーペットボトル,か
可燃,カーペットローラー,粘着テープ,か
不燃,カーペットローラー,本体（金属製）,か
可燃,カーペットローラー,本体（プラ製）,か
可燃,カーボン紙,,か
可燃,貝殻,あさり・シジミ等の小さなもの,か
不燃,貝殻,ホタテ・ホッキ等の大きなもの,か
不燃,懐中電灯,,か
不燃,カイロ・使い捨てカイロ,本体,か
その他プラ,カイロ・使い捨てカイロ,外袋(プラ製・プラマーク付）,か
収集しません,化学薬品,,か
不燃,鏡,,か
可燃,かき氷器,プラ製,か
不燃,かき氷器,金属製,か
不燃,拡大鏡（ルーペ）,ガラス製・金属製,か
可燃,拡大鏡（ルーペ）,プラ製,か
可燃,額縁,木製・プラ製（30cm未満）,か
可燃粗大,額縁,木製・プラ製（30cm以上）,か
不燃,額縁,金属製（30cm未満）,か
不燃粗大,額縁,金属製（30cm以上）,か
可燃,かご,木製・プラ製（30cm未満）,か
可燃粗大,かご,木製・プラ製（30cm以上）,か
不燃,かご,金属製（30cm未満）,か
不燃粗大,かご,金属製（30cm以上）,か
不燃,傘,,か
不燃粗大,傘立て,金属製・陶器製,か
可燃,傘立て,木製・プラ製（30cm未満）,か
可燃粗大,傘立て,木製・プラ製（30cm以上）,か
不燃,加湿器,,か
不燃,果実酒用のびん,びん（大）,か
可燃,果実酒用のびん,ふた（プラ製）,か
不燃粗大,ガスストーブ,本体,か
不燃,ガスストーブ,カセットボンベ,か
不燃粗大,ガステーブル,,か
収集しません,ガスボンベ,,か
不燃粗大,ガスレンジ,,か
不燃,カセットコンロ,本体,か
不燃,カセットコンロ,カセットボンベ,か
可燃,カセットテープ,本体,か
可燃,カセットテープ,ケース,か
不燃,カセットデッキ・プレーヤー,（縦横各30cm未満）,か
不燃粗大,カセットデッキ・プレーヤー,（縦横各30cm以上）,か
紙パック等,カタログ,,か
不燃,カッターナイフ,,か
可燃粗大,カッパ,ビニール製・ゴム製,か
可燃,カップめん類,容器・ふた（紙マーク付）,か
可燃,カップめん類,容器（発泡・プラ製）,か
可燃,カップめん類,ふた・スープ等の袋（プラマーク付）,か
その他プラ,カップめん類,外装フィルム（プラ製）,か
可燃,かつら・つけ毛,,か
不燃,蚊取り線香（電気製品）,,か
不燃,金網,,か
不燃,金たわし,,か
不燃,金づち,,か
可燃,かばん,布製・革製（縦横各30cm未満）,か
可燃粗大,かばん,布製・革製（縦横各30cm以上）,か
不燃,かばん,金属製（縦横各30cm未満）,か
不燃粗大,かばん,金属製（縦横各30cm以上）,か
可燃,画板,（縦横各30cm未満）,か
可燃粗大,画板,（縦横各30cm以上）,か
不燃,画鋲,,か
不燃,花瓶,ガラス製・金属製・陶器製,か
可燃,花瓶,プラ製,か
不燃,かま（草刈用）,,か
可燃,紙おしぼり,おしぼり,か
その他プラ,紙おしぼり,外袋(プラ製・プラマーク付）,か
可燃,紙おむつ,,か
可燃,紙コップ,,か
可燃,カミソリ,プラ製,か
不燃,カミソリ,金属製・替え刃,か
不燃,カミソリ,電動式,か
不燃,髪止め（バレッタ）,金属製,か
可燃,髪止め（バレッタ）,プラ製,か
可燃,紙粘土,,か
その他紙,紙箱,,か
紙パック等,紙パック（飲料用）,牛乳等の大きなもの,か
可燃,紙パック（飲料用）,乳酸菌飲料等の小さなもの,か
可燃,紙パック（飲料用）,ストロー,か
その他プラ,紙パック（飲料用）,ストローの袋（プラ製）,か
その他紙,紙袋,,か
可燃,紙ヤスリ,,か
可燃,ガムテープ,テープ,か
可燃,ガムテープ,芯,か
不燃,カメラ,本体,か
可燃,カメラ,ケース（革等）,か
可燃,カメラ,使い捨てカメラ,か
可燃,カラーボックス,（縦横各30cm未満）,か
可燃粗大,カラーボックス,（縦横各30cm以上）,か
不燃粗大,カラオケ演奏装置,,か
可燃,からし・わさび,チューブ（プラ製）,か
びん,からし・わさび,びん,か
缶,からし・わさび,缶,か
不燃,からし・わさび,ふた（金属製）,か
不燃,ガラス,,か
不燃,ガラスクリーナー,スプレー缶,か
不燃粗大,刈払機,,か
その他紙,カレー,箱,か
その他プラ,カレー,内容器（プラ製・プラマーク付）,か
その他紙,カレンダー,,か
可燃,革製品（財布・手袋等）,,か
可燃,皮むき,プラ製,か
不燃,皮むき,金属製,か
不燃,換気扇,本体,か
可燃,換気扇,フィルター,か
不燃,缶きり,,か
缶,缶コーヒー,,か
缶,缶ジュース,,か
その他プラ,緩衝材,プラ製・発泡,か
収集しません,乾燥機,衣類乾燥機,か
不燃粗大,乾燥機,ふとん乾燥機,か
不燃粗大,乾燥機,食器洗い乾燥機,か
不燃,乾燥剤,,か
缶,缶詰,直径9cm未満,か
不燃,缶詰,直径9cm以上,か
不燃,乾電池,,か
不燃,カンナ・電気カンナ,,か
可燃,感熱紙（ファックス用紙・レシート等）,,か
可燃,木,長さ30cm、太さ10cm未満,き
可燃粗大,木,上記以外のもの,き
不燃,キーボード（楽器）,,き
不燃,キーホルダー,,き
不燃,ギター,,き
不燃,キックボード,,き
可燃,木づち,,き
不燃,キッチンガード,アルミ製,き
不燃,キッチンタイマー,,き
可燃,キッチンタオル・ペーパー,,き
可燃,キッチンマット,床用,き
可燃,木の枝・幹・根,長さ30cm、太さ10cm未満,き
可燃粗大,木の枝・幹・根,上記以外のもの,き
可燃粗大,着物,,き
不燃粗大,脚立,,き
可燃粗大,キャットタワー,木製・プラ製,き
その他プラ,キャップ（ふた）,プラ製・プラマーク付,き
不燃,キャップ（ふた）,金属製,き
不燃粗大,キャリーバック,,き
不燃,急須（きゅうす）,,き
紙パック等,牛乳,紙パック,き
びん,牛乳,びん,き
可燃粗大,救命胴衣,,き
紙パック等,教科書,,き
可燃粗大,鏡台,木製,き
不燃粗大,鏡台,スチール製,き
可燃粗大,魚箱,,き
収集しません,漁網,,き
不燃,錐（きり）,,き
可燃,霧吹き,プラ製,き
不燃,霧吹き,金属製,き
不燃,金庫,手提げ金庫,き
収集しません,金庫,耐火金庫,き
不燃,空気入れ,,く
不燃,空気清浄機,本体,く
可燃,空気清浄機,フィルター,く
可燃,クーラーボックス,（縦横各30cm未満）,く
可燃粗大,クーラーボックス,（縦横各30cm以上）,く
不燃,釘,,く
可燃,草・花・葉,,く
不燃粗大,草刈機,,く
可燃,串,木製・竹製,く
不燃,串,金属製,く
不燃粗大,鎖（くさり）,金属製,く
可燃粗大,鎖（くさり）,プラ製,く
可燃,櫛（くし）・ブラシ,木製・プラ製,く
不燃,櫛（くし）・ブラシ,金属製,く
可燃,薬,錠剤・粉末等,く
可燃,薬,袋・容器（プラ製・紙製）,く
可燃,薬箱,木製・プラ製,く
可燃,果物,果物くず,く
その他プラ,果物,あみ・かご・袋（プラ製・プラマーク付）,く
その他プラ,果物,保護用中仕切り・カバー・底板（発泡素材）,く
その他プラ,果物,パック・外装フィルム（プラ製）,く
その他紙,果物,外箱（紙製）,く
可燃,口紅の容器,プラ製,く
不燃,口紅の容器,金属製,く
可燃,靴,靴,く
その他紙,靴,紙箱,く
不燃,靴,消臭スプレー,く
可燃,靴,中敷き,く
可燃,靴,靴べら（プラ製）,く
不燃,靴,靴べら（金属製）,く
不燃,靴墨,容器（金属製）,く
可燃,靴墨,容器（プラ製）,く
不燃,靴墨,容器（ガラス製）,く
不燃,靴墨,ふた（金属製）,く
可燃,靴墨,ふた（プラ製）,く
可燃,靴下,,く
可燃,クッション,,く
不燃,首輪（ﾍﾟｯﾄ用）,,く
可燃,熊手,木製・プラ製（30cm未満）,く
可燃粗大,熊手,木製・プラ製（30cm以上）,く
不燃,熊手,金属製（30cm未満）,く
不燃粗大,熊手,金属製（30cm以上）,く
収集しません,グラスウール,,く
可燃,クリーニングの袋,,く
可燃,クリスマスツリー（家庭用）,木製・プラ製（30cm未満）,く
可燃粗大,クリスマスツリー（家庭用）,木製・プラ製（30cm以上）,く
不燃粗大,クリスマスツリー（家庭用）,電飾一体型,く
不燃,クリップ,,く
不燃粗大,車椅子,,く
不燃粗大,車用キャリア,,く
不燃粗大,車用ルーフボックス,,く
可燃,クレヨン,,く
可燃粗大,クローゼット,木製,く
可燃,グローブ,,く
不燃,鍬（くわ）,,く
可燃,軍手,,く
不燃,蛍光管・蛍光灯・蛍光球,電球,け
不燃,蛍光灯,本体（かさ）,け
可燃,蛍光ペン,,け
不燃,携帯ゲーム機,,け
販売店へ返却,携帯電話,,け
可燃,計量カップ,プラ製,け
不燃,計量カップ,金属製・ガラス製,け
不燃,ケーブル（延長コード）,,け
不燃,ゲーム機用品（家庭用）,本体・コントローラー,け
可燃,ゲーム機用品（家庭用）,ゲームソフト（CD・DVDタイプ）,け
不燃,ゲーム機用品（家庭用）,ゲームソフト（カセットタイプ）,け
可燃粗大,毛皮,,け
収集しません,劇薬・農薬,,け
可燃,消しゴム,,け
びん,化粧品,びん,け
その他プラ,化粧品,容器（プラ製・プラマーク付）,け
その他紙,化粧品,紙箱,け
その他プラ,化粧品,ふた（プラ製・プラマーク付）,け
不燃,化粧品,ふた（金属製）,け
可燃,下駄,,け
可燃粗大,下駄箱,,け
可燃,ケチャップ,容器（ふたを含む）,け
その他プラ,ケチャップ,外袋(プラ製・プラマーク付）,け
びん,ケチャップ,びん,け
不燃,ケチャップ,ふた（金属製）,け
不燃,血圧計,,け
可燃,結束バンド,PPバンド、梱包用テープ,け
不燃,毛抜き,,け
可燃粗大,けん引ロープ,,け
不燃粗大,健康器具（ルームランナー等）,,け
不燃,剣山,,け
収集しません,原動機付自転車,スクーター等,け
不燃粗大,剣道防具,一式,け
不燃,鍵盤ハーモニカ,,け
不燃,顕微鏡,,け
不燃,碁石,,こ
不燃,工具,,こ
可燃,工具箱,木製・プラ製（30cm未満）,こ
可燃粗大,工具箱,木製・プラ製（30cm以上）,こ
不燃,工具箱,金属製（30cm未満）,こ
不燃粗大,工具箱,金属製（30cm以上）,こ
不燃,工作用のり,チューブ（金属製）,こ
可燃,工作用のり,チューブ（プラ製）,こ
びん,香水,びん,こ
その他プラ,香水,容器（プラ製・プラマーク付）,こ
その他プラ,香水,ふた（プラ製・プラマーク付）,こ
不燃,香水,ふた（金属製）,こ
可燃,紅茶パック,ティーパック,こ
可燃,コーキング剤,容器（プラ製）,こ
可燃,ゴーグル,プラ製,こ
不燃,ゴーグル,ガラス製・金属を含むもの,こ
可燃粗大,コート,,こ
不燃,コードリール,,こ
可燃,コーヒー,紙パック,こ
缶,コーヒー,缶,こ
ペットボトル,コーヒー,ボトル（PET１マーク付）,こ
びん,コーヒー,びん,こ
その他プラ,コーヒー,ふた（プラ製・プラマーク付）,こ
可燃,コーヒー,ストロー,こ
その他プラ,コーヒー,ストローの袋（プラ製）,こ
その他プラ,コーヒー,アルミの袋（プラ製・プラマーク付）,こ
その他プラ,コーヒー,カップ容器（プラ製・プラマーク付）,こ
不燃,コーヒーメーカー,,こ
可燃粗大,鯉のぼり,,こ
不燃,固形燃料,容器（アルミ製）,こ
可燃,ござ,（縦横各30cm未満）,こ
可燃粗大,ござ,（縦横各30cm以上）,こ
可燃粗大,コタツ,本体,こ
可燃粗大,コタツ,布団,こ
不燃,コップ,ガラス製・金属製・陶器製,こ
可燃,コップ,紙製・プラ製,こ
可燃,コップ洗い（ブラシ）,プラ製,こ
不燃,コップ洗い（ブラシ）,金属製,こ
可燃,粉薬の袋,,こ
不燃,粉ミルク,缶,こ
不燃,粉ミルク,ふた（金属製）,こ
その他プラ,粉ミルク,ふた（プラ製・プラマーク付）,こ
不燃粗大,コピー機,本体,こ
収集しません,コピー機,本体（事業所等で使用する大型のもの）,こ
その他紙,コピー紙,ミスプリントしたもの,こ
可燃,コピー紙,シュレッダーをかけたもの,こ
可燃,ゴミ箱,木製・プラ製（30cm未満）,こ
可燃粗大,ゴミ箱,木製・プラ製（30cm以上）,こ
不燃,ゴミ箱,金属製（30cm未満）,こ
不燃粗大,ゴミ箱,金属製（30cm以上）,こ
可燃,ゴム印,,こ
可燃,ゴム手袋,,こ
可燃粗大,ゴムホース,,こ
不燃粗大,米びつ（ハイザー）,,こ
その他プラ,米袋,袋（プラ製・プラマーク付）,こ
その他紙,米袋,袋（紙製）,こ
可燃,コルク栓,,こ
不燃,コルク抜き,,こ
可燃,コルクボード,（縦横各30cm未満）,こ
可燃粗大,コルクボード,（縦横各30cm以上）,こ
可燃,コルセット,金属をはずせるもの,こ
不燃,コルセット,金属をはずせないもの,こ
不燃粗大,ゴルフ,クラブ・バッグ,こ
不燃,ゴルフ,ボール・シューズ,こ
収集しません,コンクリートブロック,,こ
収集しません,コンクリート片,,こ
不燃,コンセント,,こ
可燃,コンタクトレンズ,レンズ,こ
可燃,コンタクトレンズ,保存容器（プラ製）,こ
その他プラ,コンビニ弁当,容器（プラ製・プラマーク付）,こ
その他プラ,コンビニ弁当,外装フィルム（プラ製）,こ
可燃,コンビニ弁当,ラップ,こ
不燃粗大,コンポ（ステレオ）,,こ
可燃粗大,コンポスト容器,,こ
可燃,梱包用テープ（ＰＰバンド）,,こ
不燃粗大,コンロ（バーべキュー用）,,こ
不燃粗大,サイクリングマシーン,,さ
可燃粗大,座椅子,金属を含まないもの,さ
不燃粗大,座椅子,金属を含むもの,さ
収集しません,サイディング,,さ
可燃粗大,サイドボード（茶だんす）,,さ
可燃,財布,,さ
可燃,裁縫箱,木製・プラ製,さ
可燃,魚のあら・内臓,,さ
不燃粗大,魚干しかご,,さ
不燃,魚焼き器,,さ
可燃粗大,作業服,,さ
びん,鮭フレーク,びん,さ
不燃,鮭フレーク,ふた（金属製）,さ
可燃,酒類,紙パック,さ
缶,酒類,缶,さ
びん,酒類,びん,さ
ペットボトル,酒類,ボトル（PET１マーク付）,さ
可燃,酒類,ふた（プラ製）,さ
不燃,酒類,ふた（金属製）,さ
紙パック等,雑誌,,さ
不燃,殺虫剤,容器（スプレー缶）,さ
その他プラ,殺虫剤,容器（プラ製・プラマーク付）,さ
その他プラ,砂糖,袋（プラ製・プラマーク付）,さ
可燃粗大,座布団,,さ
可燃,サポーター,,さ
不燃,皿,金属製・陶器製,さ
可燃,皿,紙製・木製・プラ製,さ
可燃,サランラップ,ラップ,さ
不燃,サランラップ,刃（金属製）,さ
可燃,サランラップ,刃（紙製）,さ
その他紙,サランラップ,紙箱,さ
可燃,サランラップ,芯,さ
可燃,ざる,木製・プラ製（30cm未満）,さ
可燃粗大,ざる,木製・プラ製（30cm以上）,さ
不燃,ざる,金属製（30cm未満）,さ
不燃粗大,ざる,金属製（30cm以上）,さ
可燃,三角コーナー,プラ製,さ
不燃,三角コーナー,金属製,さ
不燃粗大,三脚,金属製,さ
可燃,サングラス,プラ製,さ
不燃,サングラス,ガラス製・金属製,さ
可燃,サンダル,,さ
可燃粗大,三面鏡,,さ
不燃粗大,三輪車,,さ
可燃,CD（コンパクトディスク）,,し
可燃,CDケース,本体（プラ製）,し
その他紙,CDケース,ジャケット（紙製）,し
その他プラ,CDケース,外装フィルム（プラ製）,し
不燃粗大,CDプレーヤー,,し
不燃粗大,CDラジカセ,,し
缶,シーチキン,缶,し
缶,シーチキン,ふた,し
可燃粗大,シーツ,,し
可燃粗大,シート（レジャー用）,,し
可燃粗大,ジーパン,,し
不燃,シェーバー,,し
その他紙,塩,袋（紙製）,し
その他プラ,塩,袋（プラ製・プラマーク付）,し
可燃,地下足袋,,し
不燃,磁石,,し
可燃,下着,,し
可燃,下敷き,,し
不燃粗大,七輪（しちりん）,,し
可燃,シップ薬,シップ,し
可燃,シップ薬,フィルム,し
可燃,シップ薬,袋,し
その他紙,シップ薬,紙箱,し
紙パック等,辞典・図鑑,,し
不燃粗大,自転車,,し
収集しません,自動車用品,車両本体,し
収集しません,自動車用品,エンジン・シート（座席）,し
収集しません,自動車用品,ホイール・マフラー,し
収集しません,自動車用品,タイヤ・バッテリーバンパー,し
不燃,自動車用品,エアーエレメント,し
不燃,自動車用品,オイルエレメント,し
不燃粗大,自動車用品,スキーキャリア・キャリア,し
不燃,自動車用品,カーナビ・カーコンポ,し
不燃粗大,自動車用品,チャイルドシート,し
不燃粗大,自動車用品,ルーフボックス,し
不燃,自動車用品,ジャッキ,し
不燃,自動車用品,ホイールキャップ,し
不燃,自動車用品,ワイパー,し
不燃粗大,芝刈機,,し
可燃粗大,ジャージ,,し
可燃,シャープペン,,し
可燃,遮光シート,園芸用,し
可燃,写真・ネガ,,し
可燃,シャツ,下着,し
可燃,シャツ,Tシャツ等,し
不燃,ジャッキ,自動車用,し
可燃,シャベル（園芸用）,プラ製,し
不燃,シャベル（園芸用）,金属製,し
びん,ジャム,びん,し
不燃,ジャム,ふた（金属製）,し
可燃,しゃもじ,木製・プラ製,し
不燃,しゃもじ,金属製,し
不燃粗大,シャンデリア,,し
可燃粗大,ジャンパー,,し
その他プラ,シャンプー・リンス,容器（プラ製・プラマーク付）,し
可燃,シャンプー・リンス,ポンプ部分,し
その他プラ,シャンプー・リンス,詰め替え用（プラ製・プラマーク付）,し
可燃,シャンプーハット,,し
不燃,ジューサーミキサー,,し
可燃,ジュース,紙パック,し
缶,ジュース,缶,し
びん,ジュース,びん,し
ペットボトル,ジュース,ボトル（PET１マーク付）,し
その他プラ,ジュース,ふた（プラ製・プラマーク付）,し
不燃,ジュース,ふた（金属製）,し
可燃,ジュース,ストロー,し
その他プラ,ジュース,ストローの袋（プラ製）,し
可燃粗大,じゅうたん,,し
不燃,充電器,,し
可燃,収納ケース,木製・プラ製（30cm未満）,し
可燃粗大,収納ケース,木製・プラ製（30cm以上）,し
不燃,収納ケース,金属製（30cm未満）,し
不燃粗大,収納ケース,金属製（30cm以上）,し
不燃粗大,シュレッダー（家庭用）,,し
可燃,シュレッダーごみ,,し
不燃粗大,瞬間湯沸器,,し
収集しません,消火器,,し
可燃,定規,木製・竹製・プラ製,し
不燃,定規,金属製,し
不燃,焼却灰（燃え殻）,,し
その他プラ,消臭剤,容器（プラ製・プラマーク付）,し
可燃,消臭剤,内容物,し
不燃,消臭剤,スプレー缶,し
可燃,賞状入れ（筒）,,し
不燃,浄水器,本体,し
可燃,浄水器,フィルター（プラ製）,し
不燃,浄水器,フィルター（金属製）,し
びん,焼酎,びん,し
ペットボトル,焼酎,ボトル（PET1マーク付）,し
缶,焼酎,缶,し
その他プラ,焼酎,ふた（プラ製・プラマーク付）,し
不燃,焼酎,ふた（金属製）,し
びん,消毒液,びん,し
その他プラ,消毒液,ボトル（プラ製・プラマーク付）,し
その他プラ,消毒液,ふた（プラ製・プラマーク付）,し
不燃,照明器具,,し
びん,醤油,びん,し
ペットボトル,醤油,ボトル（PET1マーク付）,し
その他プラ,醤油,ボトル（プラ製・プラマーク付）,し
その他プラ,醤油,ふた（プラ製・プラマーク付）,し
不燃,醤油,ふた（金属製）,し
可燃,醤油,醤油さし（プラ製）,し
不燃,醤油,醤油さし（ガラス製・金属製・陶器製）,し
不燃,じょうご（ろうと）,金属製,し
可燃,じょうご（ろうと）,プラ製,し
可燃,じょうろ,プラ製（30cm未満）,し
可燃粗大,じょうろ,プラ製（30cm以上）,し
不燃,じょうろ,金属製（30cm未満）,し
不燃粗大,じょうろ,金属製（30cm以上）,し
トレイ・発泡,食品トレイ,白色,し
その他プラ,食品トレイ,色付き（プラマーク付）,し
可燃,食用油,油（処理したもの）,し
不燃,食用油,ふた（金属製）,し
可燃,食用油,ふた（プラ製）,し
可燃,食用油,容器（プラ製）,し
不燃,食用油,容器（缶・びん）,し
びん,除光液,びん,し
その他プラ,除光液,容器（プラ製・プラマーク付）,し
その他プラ,除光液,ふた（プラ製・プラマーク付）,し
不燃,除湿器,,し
その他プラ,除湿剤,容器（プラ製・プラマーク付）,し
可燃,除湿剤,内容物,し
その他プラ,除草剤,容器（プラ製・プラマーク付）,し
びん,除草剤,容器（びん）,し
その他プラ,除草剤,ふた（プラ製・プラマーク付）,し
不燃,食器,ガラス製・金属製・陶器製,し
可燃,食器,紙製・木製・プラ製,し
不燃粗大,食器洗い乾燥機,,し
可燃,食器棚,木製（30cm未満）,し
可燃粗大,食器棚,木製（30cm以上）,し
不燃粗大,食器棚,金属製,し
可燃,白髪染め,チューブ（プラ製）,し
不燃,白髪染め,スプレーカン式,し
可燃,白髪染め,ブラシ類,し
その他紙,白髪染め,説明書等,し
その他紙,白髪染め,紙箱,し
可燃,人工芝,長さ30cm未満,し
可燃粗大,人工芝,上記以外のもの,し
収集しません,シンナー,,し
紙パック等,新聞紙・チラシ,,し
不燃,水槽・金魚鉢,ガラス製,す
可燃,水槽・金魚鉢,プラ製（30cm未満）,す
可燃粗大,水槽・金魚鉢,プラ製（30cm以上）,す
不燃,水槽・金魚鉢,敷石,す
不燃,水槽・金魚鉢,水中ポンプ・ろ過器,す
不燃,水中メガネ,ガラス製・金属製,す
可燃,水中メガネ,プラ製,す
可燃,水筒,プラ製,す
不燃,水筒,金属製,す
不燃,炊飯器・炊飯ジャー,,す
不燃粗大,スキー,板（金具含む）・ストック,す
不燃,スキー,靴,す
可燃粗大,スキー,靴のケース,す
可燃粗大,スキーウェア,,す
不燃粗大,スキーキャリア,,す
不燃,スキャナー,,す
収集しません,スクーター,,す
不燃,スケート靴,,す
不燃,スケートボード,,す
可燃,スケール・巻尺,プラ製,す
不燃,スケール・巻尺,金属製,す
不燃,スコップ,金属製,す
可燃,スコップ,プラ製,す
可燃,すずらんテープ,,す
不燃,すずり,,す
可燃粗大,スタイロホーム,,す
不燃,スタンプ台,,す
不燃,スチール棚,,す
可燃粗大,スーツ,,す
不燃粗大,スーツケース,,す
不燃,ステレオ,,す
不燃粗大,ストーブ,ポータブル,す
不燃粗大,ストーブ,煙突式・FF式,す
不燃粗大,ストーブ,オイルヒーター,す
不燃粗大,ストーブ,石炭ストーブ,す
不燃粗大,ストーブ,まきストーブ,す
不燃粗大,ストーブガード,,す
不燃,ストーブ台,,す
可燃,ストッキング,,す
不燃,ストップウォッチ,,す
可燃,ストロー,ストロー本体,す
その他プラ,ストロー,ストローの袋（プラ製）,す
その他紙,ストロー,ストローの袋（紙製）,す
可燃,スニーカー,,す
不燃粗大,スノーダンプ,,す
可燃,スノーブラシ,木製・プラ製（30cm未満）,す
可燃粗大,スノーブラシ,木製・プラ製（30cm以上）,す
不燃,スノーブラシ,金属製（30cm未満）,す
不燃粗大,スノーブラシ,金属製（30cm以上）,す
不燃粗大,スノーボード,板（金具含む）,す
不燃粗大,スノーボード,靴,す
可燃粗大,スノーボード,靴のケース,す
可燃,すのこ,木製・プラ製（30cm未満）,す
可燃粗大,すのこ,木製・プラ製（30cm以上）,す
びん,酢,びん,す
ペットボトル,酢,ボトル（PET１マーク付）,す
その他プラ,酢,ボトル（プラ製・プラマーク付）,す
その他プラ,酢,ふた（プラ製・プラマーク付）,す
不燃,スピーカー,,す
不燃,スプーン,金属製,す
可燃,スプーン,木製・プラ製,す
不燃,スプレー缶,,す
可燃粗大,滑り台（家庭用）,,す
可燃粗大,ズボン,,す
不燃粗大,ズボンプレス機,,す
可燃,スポンジ,,す
可燃,炭,,す
可燃,スリッパ,,す
可燃,清涼飲料水,紙パック,せ
缶,清涼飲料水,缶,せ
びん,清涼飲料水,びん,せ
ペットボトル,清涼飲料水,ボトル（PET１マーク付）,せ
可燃,清涼飲料水,ストロー,せ
その他プラ,清涼飲料水,ストローの袋（プラ製）,せ
その他プラ,清涼飲料水,ふた（プラ製・プラマーク付）,せ
不燃,清涼飲料水,ふた（金属製）,せ
可燃,生理用品,本体,せ
その他プラ,生理用品,袋（プラ製・プラマーク付）,せ
その他紙,生理用品,袋（紙製）,せ
可燃,石炭,,せ
可燃,石油ポンプ,,せ
可燃粗大,セーター,,せ
可燃,石鹸,固形・粉（液体を除く）,せ
その他紙,石鹸,袋（紙製）,せ
その他プラ,石鹸,袋（プラ製・プラマーク付）,せ
その他紙,石鹸,箱（紙製）,せ
その他プラ,石鹸,箱（プラ製・プラマーク付）,せ
収集しません,石膏ボード,,せ
可燃,接着剤,容器（プラ製）,せ
不燃,接着剤,容器（金属製）,せ
その他紙,接着剤,紙箱・紙台紙,せ
その他プラ,接着剤,包装部分（プラ製・プラマーク付）,せ
不燃,せともの,,せ
その他プラ,ゼリー,容器（プラ製・プラマーク付）,せ
可燃,ゼリー,容器（紙製）,せ
可燃,ゼリー,スプーン,せ
その他プラ,ゼリー,スプーンの袋（プラ製）,せ
その他紙,ゼリー,台紙,せ
その他プラ,ゼリー,外装フィルム（プラ製）,せ
その他プラ,ゼリー,ふた（プラ製・プラマーク付）,せ
不燃,ゼリー,ふた（金属製）,せ
可燃,セロハンテープ,テープ,せ
可燃,セロハンテープ,芯,せ
可燃,洗剤,紙箱,せ
その他プラ,洗剤,容器（プラ製・プラマーク付）,せ
可燃,洗剤,計量スプーン,せ
その他プラ,洗剤,ふた（プラ製・プラマーク付）,せ
その他プラ,洗剤,詰め替え用（プラ製・プラマーク付）,せ
可燃,洗車ブラシ,プラ製（30cm未満）,せ
可燃粗大,洗車ブラシ,プラ製（30cm以上）,せ
可燃,扇子,プラ製・木製,せ
可燃,洗濯かご,プラ製（30cm未満）,せ
可燃粗大,洗濯かご,プラ製（30cm以上）,せ
可燃,洗濯ネット,,せ
可燃,洗濯バサミ,プラ製,せ
不燃,洗濯バサミ,金属製,せ
不燃,洗濯バサミ,アルミ製,せ
不燃粗大,洗濯ポール,物干し竿,せ
可燃粗大,洗濯物干しハンガー,プラ製,せ
収集しません,洗濯機,,せ
不燃粗大,剪定ばさみ,,せ
可燃,剪定木,長さ（30cm未満）,せ
可燃粗大,剪定木,長さ（30cm以上）,せ
不燃,栓抜き,,せ
不燃,扇風機,,せ
可燃,洗面器,プラ製（30cm未満）,せ
可燃粗大,洗面器,プラ製（30cm以上）,せ
不燃,洗面器,金属製（30cm未満）,せ
不燃粗大,洗面器,金属製（30cm以上）,せ
不燃粗大,洗面化粧台,,せ
可燃,造花,プラ製,そ
不燃,造花,針金製,そ
可燃,双眼鏡,プラ製,そ
不燃,双眼鏡,金属製,そ
不燃,掃除機,,そ
可燃,草履,和服用,そ
びん,ソース,びん,そ
その他プラ,ソース,容器（プラ製・プラマーク付）,そ
不燃,ソース,ふた（金属製）,そ
その他プラ,ソース,ふた（プラ製・プラマーク付）,そ
不燃粗大,ソファー,スプリング入り,そ
可燃粗大,ソファー,スプリングなし,そ
その他プラ,ソフトクリームのふた,透明なふた（プラマーク付）,そ
可燃,そり,木製・プラ製（30cm未満）,そ
可燃粗大,そり,木製・プラ製（30cm以上）,そ
不燃,そり,金属製（30cm未満）,そ
不燃粗大,そり,金属製（30cm以上）,そ
可燃粗大,そろばん,プラ製・木製,そ
不燃,体温計,,た
収集しません,耐火金庫,,た
不燃,体脂肪計,,た
不燃粗大,台車（手押し車）,,た
不燃,体重計（ヘルスメーター）,,た
可燃,台所マット,30cm未満,た
可燃粗大,台所マット,30cm以上,た
不燃,耐熱ガラス（なべ・皿等）,,た
収集しません,タイヤ（自動車）,,た
不燃,タイヤチェーン,,た
可燃,ダイレクトメール,封筒（紙製・プラ製）,た
その他紙,ダイレクトメール,内容物（チラシ等）,た
可燃,タオル,,た
可燃粗大,タオルケット,,た
不燃粗大,高枝バサミ,,た
可燃粗大,竹ぼうき,,た
不燃,たこ焼き器（家庭用）,,た
可燃粗大,たたみ,,た
可燃,脱脂綿,,た
その他プラ,脱臭剤,容器（プラ製・プラマーク付）,た
可燃,脱臭剤,内容物,た
可燃,タッパー,,た
可燃,タバコ,吸殻,た
可燃,タバコ,空き箱（フィルム・紙箱・アルミ紙）,た
可燃,たまご,卵の殻,た
その他紙,たまご,パック（紙製）,た
その他プラ,たまご,パック（プラ製・プラマーク付）,た
その他プラ,たまねぎネット,,た
可燃粗大,たらい,プラ製,た
不燃粗大,たらい,金属製,た
可燃粗大,樽,,た
ペットボトル,たれ（食用）,ボトル（PET1マーク付）,た
その他プラ,たれ（食用）,ボトル（プラ製・プラマーク付）,た
びん,たれ（食用）,びん,た
その他プラ,たれ（食用）,ふた（プラ製・プラマーク付）,た
不燃,たれ（食用）,ふた（金属製）,た
可燃,たわし,,た
可燃粗大,タンス,,た
可燃粗大,丹前（たんぜん）,,た
紙パック等,ダンボール,,た
不燃粗大,チェンソー,,ち
可燃,地球儀,プラ製,ち
不燃,地球儀,金属製,ち
その他プラ,ちくわ,袋（プラ製・プラマーク付）,ち
不燃粗大,チャイルドシート,,ち
不燃,茶こし,,ち
不燃,チャッカマン,,ち
可燃,茶筒,木製・プラ製,ち
不燃,茶筒,金属製,ち
その他紙,茶箱,紙製,ち
可燃,茶箱,木製,ち
不燃,茶碗,陶器製,ち
可燃,茶碗,プラ製,ち
収集しません,注射器・注射針,,ち
不燃,彫刻刀,,ち
不燃,ちょうし,,ち
びん,調味料,びん,ち
不燃,調味料,缶,ち
その他プラ,調味料,容器（プラ製・プラマーク付）,ち
不燃,調味料,陶器製,ち
その他プラ,調味料,ふた（プラ製・プラマーク付）,ち
不燃,調味料,ふた（金属製）,ち
可燃,チョーク,,ち
紙パック等,チラシ,,ち
可燃,ちり紙,,ち
可燃,ちりとり,プラ製,ち
不燃,ちりとり,金属製（30cm未満）,ち
不燃粗大,ちりとり,金属製（30cm以上）,ち
可燃粗大,つえ,木製・プラ製,つ
不燃粗大,つえ,アルミ製・金属製,つ
可燃粗大,机,木製,つ
不燃粗大,机,金属製,つ
不燃,漬物石,市販品のみ,つ
可燃粗大,漬物樽,木製・プラ製,つ
不燃粗大,漬物樽,アルミ製・金属製,つ
可燃,つっぱり棒・棚,プラ製（30cm未満）,つ
可燃粗大,つっぱり棒・棚,プラ製（30cm以上）,つ
不燃,つっぱり棒・棚,金属製（30cm未満）,つ
不燃粗大,つっぱり棒・棚,金属製（30cm以上）,つ
可燃粗大,つなぎ（続き服）,,つ
不燃,つぼ,,つ
可燃,積み木,,つ
不燃,つめきり,,つ
紙パック等,爪とぎ段ボール,猫用,つ
ペットボトル,つゆ（食用）,ボトル（PET1マーク付）,つ
その他プラ,つゆ（食用）,ボトル（プラ製・プラマーク付）,つ
びん,つゆ（食用）,びん,つ
その他プラ,つゆ（食用）,ふた（プラ製・プラマーク付）,つ
不燃,つゆ（食用）,ふた（金属製）,つ
可燃粗大,釣り道具,竿（木製・竹製）,つ
不燃粗大,釣り道具,竿（グラスファイバー製等）,つ
不燃粗大,釣り道具,竿立て,つ
不燃,釣り道具,リール（電動含む）,つ
不燃,釣り道具,針・ルアー,つ
不燃粗大,つるはし,,つ
可燃,DVD（ディスク）,,て
可燃,DVDケース,本体（プラ製）,て
その他プラ,DVDケース,外装フィルム（プラ製）,て
不燃,DVDプレーヤー,,て
可燃,ティッシュペーパー,使用済みティッシュ,て
その他紙,ティッシュペーパー,紙箱,て
その他プラ,ティッシュペーパー,外装フィルム（プラ製）,て
不燃,テープデッキ・カセットデッキ,,て
可燃粗大,テーブル,木製,て
不燃粗大,テーブル,金属製,て
可燃粗大,テーブルクロス,,て
不燃,デジタルカメラ,,て
不燃,デジタルビデオカメラ,,て
可燃粗大,デスクマット,,て
可燃粗大,デッキブラシ,竹製（木製）,て
不燃粗大,デッキブラシ,金属製,て
不燃,鉄くず,,て
不燃,鉄板（料理用）,,て
その他紙,デパートの包装紙・紙袋,,て
可燃,手袋,,て
収集しません,テレビ,,て
可燃粗大,テレビ台,木製,て
不燃粗大,テレビ台,金属製,て
可燃,テレホンカード,,て
不燃,電気カミソリ,,て
不燃,電気コード（テーブルタップ等）,,て
不燃,電気スタンド,,て
不燃,電気ポット,,て
不燃粗大,電気毛布,,て
不燃,電球・蛍光管,,て
不燃,電子手帳,,て
不燃粗大,電子レンジ,,て
不燃粗大,電子レンジ台,金属製,て
可燃粗大,電子レンジ台,木製,て
不燃,電卓,,て
不燃,電池,,て
不燃粗大,テント（キャンプ用）,,て
不燃粗大,電動草刈り機,,て
不燃,電動ドリル（家庭用）,,て
不燃,電話機,,て
可燃粗大,電話台,木製・プラ製,て
不燃粗大,電話台,金属製,て
紙パック等,電話帳,,て
可燃粗大,ドア,障子・ふすま等,と
不燃粗大,ドア,サッシ・網戸,と
不燃,砥石,,と
その他プラ,トイレ消臭剤,容器（プラ製・プラマーク付）,と
不燃,トイレ消臭剤,陶器製,と
びん,トイレ消臭剤,びん,と
可燃,トイレ消臭剤,内容物,と
可燃,トイレットペーパー,芯,と
その他紙,トイレットペーパー,包み紙,と
その他プラ,トイレットペーパー,包装ビニール,と
可燃,トイレブラシ,木製・プラ製,と
不燃,トイレブラシ,金属製,と
可燃粗大,トイレ便座,プラ製,と
不燃粗大,トイレ便座,陶器製・温熱式,と
不燃,陶器,,と
可燃,道具箱,木製・プラ製（30cm未満）,と
可燃粗大,道具箱,木製・プラ製（30cm以上）,と
不燃,道具箱,金属製（30cm未満）,と
不燃粗大,道具箱,金属製（30cm以上）,と
紙パック等,豆乳,紙パック,と
その他プラ,豆腐,容器（プラ製・プラマーク付）,と
収集しません,灯油,,と
可燃粗大,灯油タンク,ポリタンク,と
不燃粗大,灯油タンク,金属製（20リットル未満）,と
収集しません,灯油タンク,屋外ホームタンク,と
不燃粗大,灯油タンク,金属製（90リットル屋内タンク）,と
不燃,灯油ホース,金属製,と
可燃,灯油ポンプ,プラ製,と
不燃,灯油ポンプ,電動式,と
可燃粗大,灯篭,,と
不燃,トースター,,と
不燃,時計,,と
可燃粗大,戸棚,,と
不燃粗大,トタン,,と
不燃,とっくり,,と
不燃,土鍋,,と
不燃,ドライバー（工具）,,と
不燃,ドライヤー,,と
収集しません,ドラム缶,,と
不燃,トランシーバー,,と
その他紙,トランプ,紙箱,と
可燃,トランプ,紙製,と
可燃,トランプ,プラ製,と
不燃粗大,トランポリン（家庭用）,,と
可燃,鳥かご,木製・プラ製（30cm未満）,と
可燃粗大,鳥かご,木製・プラ製（30cm以上）,と
不燃,鳥かご,金属製（30cm未満）,と
不燃粗大,鳥かご,金属製（30cm以上）,と
収集しません,塗料,ペンキなど,と
不燃,塗料,缶・びん,と
不燃,塗料,スプレーカン,と
不燃,ドリル（工具）,,と
びん,ドリンクびん,びん,と
その他プラ,ドリンクびん,ふた（プラ製・プラマーク付）,と
不燃,ドリンクびん,ふた（金属製）,と
トレイ・発泡,トレイ（惣菜等の食品用発泡）,白色,と
その他プラ,トレイ（惣菜等の食品用発泡）,色付き（プラマーク付）,と
可燃,トレイ（惣菜等の食品用発泡）,ラップ・吸水シート,と
可燃粗大,トレーナー,,と
可燃粗大,ドレッサー,木製,と
不燃粗大,ドレッサー,スチール製,と
びん,ドレッシング,びん,と
その他プラ,ドレッシング,ボトル（プラ製・プラマーク付）,と
ペットボトル,ドレッシング,ボトル（PET１マーク付）,と
その他プラ,ドレッシング,ふた（プラ製・プラマーク付）,と
不燃,ドレッシング,ふた（金属製）,と
不燃,トロフィー,,と
不燃,ナイフ,,な
その他プラ,苗木用ポット,プラマーク付,な
不燃粗大,長いす（ソファー）,スプリング入り,な
可燃粗大,長いす（ソファー）,スプリングなし,な
可燃粗大,長靴,,な
不燃粗大,流し台,,な
不燃,なた,,な
可燃,納豆,容器,な
可燃,納豆,内装フィルム,な
可燃,納豆,たれ・からしの袋,な
その他プラ,納豆,外装フィルム（プラ製）,な
その他紙,納豆,台紙,な
不燃,鍋,土鍋・金属製,な
可燃,鍋敷き,木製・プラ製,な
不燃,鍋敷き,金属製・陶器製,な
不燃,鍋焼きうどん,アルミ容器,な
可燃,鍋焼きうどん,具などの袋,な
その他プラ,鍋焼きうどん,外装フィルム（プラ製）,な
可燃,生ごみ,,な
不燃粗大,波板トタン,金属製,な
可燃粗大,波板トタン,プラ製,な
可燃,縄,,な
可燃,縄跳び,,な
可燃,荷造りひも,布製・ビニール製,に
不燃,ニッパー（工具）,,に
びん,日本酒,びん,に
可燃,日本酒,パック,に
可燃,日本酒,ふた（プラ製）,に
不燃,日本酒,ふた（金属製）,に
可燃,乳酸菌飲料,紙パック,に
可燃,乳酸菌飲料,ストロー,に
その他プラ,乳酸菌飲料,ストローの袋（プラ製）,に
不燃,入浴剤,缶,に
不燃,入浴剤,ふた（金属製）,に
その他プラ,入浴剤,袋・ふた・容器（プラ製・プラマーク付）,に
その他紙,入浴剤,紙箱,に
可燃,人形ケース,プラ製（30cm未満）,に
可燃粗大,人形ケース,プラ製（30cm以上）,に
不燃,人形ケース,ガラス製（30cm未満）,に
不燃粗大,人形ケース,ガラス製（30cm以上）,に
可燃,ぬいぐるみ,,ぬ
可燃,布類,３０㎝未満,ぬ
可燃,ネクタイ,,ね
不燃,ネクタイピン,,ね
可燃,猫砂,紙製（再生パルプ・製紙スラッジ等）,ね
不燃,猫砂,石製（ベントナイト・ゼオライト等),ね
可燃,ネズミ捕り,粘着テープ式,ね
不燃,ネズミ捕り,金属製,ね
不燃,ネックレス,,ね
その他プラ,ネット（たまねぎ・みかん等）,,ね
可燃粗大,寝袋,,ね
可燃,粘着テープ（ガムテープ）,,ね
可燃,粘土,紙粘土,ね
不燃,粘土,油粘土,ね
可燃,練りわさび・からし,チューブ（プラ製）,ね
びん,練りわさび・からし,びん,ね
缶,練りわさび・からし,缶,ね
可燃,農業用ビニール（家庭菜園用）,,の
収集しません,農薬,,の
紙パック等,ノート,,の
収集しません,ノートパソコン,,の
不燃,のこぎり,,の
可燃,飲み薬,容器（プラ製）,の
可燃,飲み薬,袋（紙製）,の
可燃,飲み薬,袋（プラ製）,の
不燃,海苔,容器（缶）,の
びん,海苔,びん,の
その他プラ,海苔,容器（プラ製・プラマーク付）,の
可燃,海苔,容器（プラ製・PET１マーク付）,の
その他プラ,海苔,袋（プラ製・プラマーク付）,の
その他紙,海苔,袋（紙製）,の
可燃,糊,容器（プラ製）,の
可燃,糊,チューブ,の
不燃粗大,パークゴルフ,クラブ,は
不燃,パークゴルフ,ボール,は
不燃,バーベキューコンロ,,は
不燃,灰,,は
可燃粗大,バイオリン,本体・弓・ケース,は
収集しません,バイク,,は
不燃粗大,ハイザー（米びつ）,,は
不燃,灰皿,ガラス製・金属製・陶器製,は
可燃,灰皿,プラ製,は
不燃粗大,パイプ,金属製,は
可燃粗大,パイプ,塩ビ製,は
不燃粗大,パイプ椅子,,は
可燃,バインダー,紙製・プラ製,は
不燃,バインダー,金具の取り除けないもの,は
可燃,ハエたたき,プラ製,は
不燃,ハエたたき,金属製,は
可燃,はがき・封筒,,は
不燃,はかり（台所用）,,は
トレイ・発泡,白色トレイ,,は
可燃,はく製,30cm未満,は
可燃粗大,はく製,30cm以上,は
可燃,はけ（塗装用等）,,は
可燃,バケツ,プラ製（30cm未満）,は
可燃粗大,バケツ,プラ製（30cm以上）,は
不燃,バケツ,金属製,は
不燃,ハサミ,,は
可燃,箸,木製・プラ製,は
不燃,箸,金属製,は
可燃粗大,はしご,木製,は
不燃粗大,はしご,金属製,は
可燃粗大,パジャマ,,は
可燃粗大,バスタオル,,は
可燃,バスマット,,は
収集しません,パソコン,デスクトップ本体・ノートパソコン・ディスプレイ,は
不燃,パソコン,マウス・テンキー・キーボード,は
不燃粗大,パソコンラック,,は
可燃,バター,容器（プラ製）,は
その他紙,バター,紙箱,は
可燃,バッグ,30cm未満,は
可燃粗大,バッグ,30cm以上,は
収集しません,バッテリー,,は
不燃粗大,発電機,,は
可燃粗大,バット,木製・プラ製,は
不燃粗大,バット,金属製,は
トレイ・発泡,発泡スチロール,,は
可燃,花,,は
可燃,花火,花火,は
その他プラ,花火,外袋（プラ製・プラマーク付),は
不燃粗大,パネルヒーター,,は
可燃,歯ブラシ,プラ製,は
不燃,歯ブラシ,電動式,は
可燃,歯磨き粉,チューブ（プラ製）,は
不燃,歯磨き粉,チューブ（金属製）,は
不燃,歯磨き粉,缶,は
不燃,針,,は
不燃,針金,,は
不燃,バリカン（家庭用）,,は
不燃粗大,ハロゲンヒーター,,は
可燃,ハンガー・衣紋かけ,プラ製,は
可燃粗大,ハンガー・衣紋かけ,木製・プラ製（金属のついたもの）,は
不燃,ハンガー・衣紋かけ,金属製,は
不燃粗大,ハンガーラック,,は
可燃,絆創膏（ばんそうこう）,,は
不燃,パンチ（穴あけ）,,は
可燃,パンツ,下着,は
可燃粗大,パンツ,ジーンズ等,は
その他プラ,パン,袋（プラ製・プラマーク付）,は
その他紙,パンフレット,,は
可燃,ＰＰバンド,,ひ
不燃,ピアニカ,,ひ
収集しません,ピアノ・電子ピアノ,グランドピアノ・アップライトピアノ,ひ
不燃粗大,ピアノ・電子ピアノ,電子ピアノ,ひ
不燃粗大,ビーチパラソル,,ひ
缶,ビール,缶,ひ
びん,ビール,びん,ひ
不燃,ビール,ふた,ひ
可燃粗大,ピクニックテーブルセット,プラ製,ひ
不燃粗大,ピクニックテーブルセット,アルミ製,ひ
可燃,ひげ剃り,プラ製,ひ
不燃,ひげ剃り,金属製,ひ
不燃,ひげ剃り,電動式,ひ
不燃,ビデオカメラ,,ひ
可燃,ビデオテープ,本体・ケース,ひ
その他プラ,ビデオテープ,外装フィルム（プラ製）,ひ
不燃粗大,ビデオデッキ,,ひ
可燃粗大,ビニールシート,,ひ
可燃,ビニールテープ,,ひ
その他プラ,ビニール袋,プラマーク付,ひ
不燃,火ばさみ,,ひ
不燃粗大,火鉢,,ひ
可燃,表札,木製・プラ製,ひ
不燃,表札,陶器製・石製,ひ
その他プラ,漂白剤,容器（プラ製・プラマーク付）,ひ
その他プラ,漂白剤,ふた（プラ製・プラマーク付）,ひ
その他プラ,肥料,袋（プラ製・プラマーク付）,ひ
可燃,肥料,袋（紙製）,ひ
不燃,ピンセット,,ひ
不燃,ピン止め,,ひ
可燃,ファイル,紙製・プラ製,ふ
不燃,ファクス電話機,,ふ
可燃,ファスナー,プラ製,ふ
不燃,ファスナー,金属製,ふ
その他プラ,ファンデーション,容器（プラ製・プラマーク付）,ふ
びん,ファンデーション,びん,ふ
その他プラ,ファンデーション,ふた（プラ製・プラマーク付）,ふ
不燃,ファンデーション,ふた（金属製）,ふ
可燃,フィルム・ネガ,,ふ
その他プラ,フィルムケース,プラ製・プラマーク付,ふ
不燃,ブースターケーブル（自動車用品）,,ふ
可燃,風船,,ふ
不燃,風鈴,,ふ
可燃粗大,プール（家庭用）,ビニール製,ふ
可燃,笛,木製・プラ製,ふ
不燃,笛,金属製,ふ
不燃,フォーク,金属製,ふ
可燃,フォーク,木製・プラ製,ふ
可燃,筆,,ふ
可燃,筆箱,布製・プラ製,ふ
不燃,筆箱,金属製,ふ
その他プラ,不凍液,容器（プラ製・プラマーク付）,ふ
不燃,不凍液,缶,ふ
可燃粗大,布団,,ふ
可燃粗大,布団カバー,,ふ
不燃粗大,布団乾燥機,,ふ
可燃,布団たたき,木製・プラ製,ふ
不燃,布団たたき,金属製,ふ
可燃,フライ返し,プラ製,ふ
不燃,フライ返し,金属製,ふ
不燃,フライパン,,ふ
可燃粗大,ブラインド,プラ製,ふ
不燃粗大,ブラインド,金属製,ふ
可燃粗大,ブラウス,,ふ
不燃粗大,ぶら下がり健康器,,ふ
可燃,ブラシ,,ふ
可燃,プラモデル,,ふ
不燃粗大,ぶらんこ（家庭用）,,ふ
可燃,プランター,30cm未満,ふ
可燃粗大,プランター,30cm以上,ふ
収集しません,フリーザー（冷凍庫）,,ふ
可燃,フリーザーパック,,ふ
その他プラ,プリン,容器（プラ製・プラマーク付）,ふ
びん,プリン,びん,ふ
可燃,プリン,スプーン,ふ
その他プラ,プリン,スプーンの袋（プラ製）,ふ
その他プラ,プリン,外装フィルム（プラ製）,ふ
その他紙,プリン,台紙,ふ
その他プラ,プリン,ふた（プラ製・プラマーク付）,ふ
不燃,プリン,ふた（金属製）,ふ
不燃粗大,プリンター,,ふ
可燃粗大,ブルーシート,,ふ
収集しません,ブロック,コンクリート製,ふ
可燃,フロッピーディスク,,ふ
収集しません,プロパンガスボンベ,,ふ
可燃粗大,風呂敷,,ふ
可燃粗大,風呂用品,イス・桶等（木製・プラ製）,ふ
可燃,風呂用品,スポンジ・ブーツ,ふ
可燃粗大,風呂用品,ふた（プラ製）,ふ
可燃粗大,風呂用品,マット,ふ
可燃,粉砕塩の袋,,ふ
不燃,ぶんちん,ガラス製・陶器製・金属製,ふ
可燃粗大,噴霧器(園芸用),プラ製タンク,ふ
不燃粗大,噴霧器(園芸用),ステンレス製タンク,ふ
不燃,ヘアスプレー,,へ
可燃,ヘアバンド（髪止め）,布製・プラ製,へ
可燃,ペーパータオル,,へ
可燃,ペーパーナイフ,木製・プラ製,へ
不燃,ペーパーナイフ,金属製,へ
可燃粗大,ベッド,木製,へ
不燃粗大,ベッド,マットレス（スプリング入り）,へ
ペットボトル,ペットボトル,ボトル（ＰＥＴ１マーク付）,へ
その他プラ,ペットボトル,ふた（プラ製・プラマーク付）,へ
その他プラ,ペットボトル,ラベル（プラ製）,へ
不燃,ヘッドホン,,へ
缶,ペット用品,ペットフードの缶詰,へ
その他プラ,ペット用品,ペットフードの袋（プラ製・プラマーク付）,へ
その他紙,ペット用品,ペットフードの袋（紙製）,へ
可燃粗大,ペット用品,運搬ケース（プラ製）,へ
不燃粗大,ペット用品,運搬ケース（金属製）,へ
可燃,ペット用品,シート・トイレ砂（紙製）,へ
不燃,ペット用品,トイレ砂（鉱物製）,へ
可燃粗大,ベニヤ板,,へ
可燃,ベビー服,,へ
可燃粗大,ベビー用品,ベッド,へ
不燃粗大,ベビー用品,ベビーカー・歩行器・ゆりかご,へ
可燃粗大,ベビー用品,ベビーバス,へ
可燃粗大,ベビー用品,おまる（プラ製）,へ
不燃粗大,ベビー用品,おまる（金属製）,へ
可燃,へら,木製・プラ製,へ
可燃,ベルト,革製・布製,へ
不燃,ベルト,金属製,へ
可燃,ヘルメット,プラ製,へ
不燃,ヘルメット,金属製,へ
可燃,ペン（文房具）,プラ製,へ
不燃,ペン（文房具）,金属製,へ
不燃粗大,便器,,へ
不燃,ペンキ缶,,へ
可燃粗大,便座,プラ製,へ
不燃粗大,便座,温水洗浄器付き,へ
可燃,便座カバー,,へ
その他プラ,弁当の容器（コンビニ弁当等）,容器（プラ製・プラマーク付）,へ
その他プラ,弁当の容器（コンビニ弁当等）,外装フィルム（プラ製）,へ
可燃,弁当の容器（コンビニ弁当等）,ラップ,へ
可燃,ペンライト,プラ製,へ
不燃,ペンライト,金属製,へ
収集しません,ホイール（タイヤのホイール）,,ほ
不燃,ホイールキャップ,自動車用,ほ
不燃粗大,ボイラー（家庭用）,,ほ
不燃粗大,望遠鏡,本体・三脚,ほ
可燃,ほうき,30ｃｍ未満,ほ
可燃粗大,ほうき,30ｃｍ以上,ほ
その他プラ,芳香剤,容器（プラ製・プラマーク付）,ほ
不燃,芳香剤,陶器製,ほ
不燃,芳香剤,缶,ほ
びん,芳香剤,びん,ほ
その他紙,芳香剤,紙箱,ほ
可燃,帽子,,ほ
不燃,防水スプレー,,ほ
その他紙,包装紙,,ほ
可燃,包帯,,ほ
可燃,防虫剤,引き出し・クローゼット用,ほ
可燃,防虫シート,,ほ
不燃,防虫スプレー,,ほ
不燃,包丁,,ほ
不燃,包丁砥ぎ器,,ほ
可燃粗大,防風ネット,,ほ
可燃,ボウル（調理用）,プラ製,ほ
不燃,ボウル（調理用）,金属製,ほ
可燃粗大,ホース,,ほ
不燃,ホースバンド,,ほ
可燃粗大,ホースリール,プラ製,ほ
不燃粗大,ホースリール,金属製,ほ
可燃,ポーチ,,ほ
不燃粗大,ホームタンク,屋内型,ほ
収集しません,ホームタンク,屋外ホームタンク,ほ
不燃,ホームベーカリー,,ほ
収集しません,ボーリングボール,,ほ
可燃,ボール,サッカー・バレー等,ほ
可燃,ボールペン,,ほ
不燃,ホーロー鍋,,ほ
可燃,墨汁,容器（プラ製）,ほ
可燃,ポケットティッシュ,ティッシュ・広告紙,ほ
その他プラ,ポケットティッシュ,外装フィルム（プラ製）,ほ
不燃粗大,歩行器,,ほ
可燃粗大,ポスト,木製・プラ製,ほ
不燃粗大,ポスト,金属製,ほ
その他紙,ポスター,,ほ
不燃,ホタテ貝,,ほ
収集しません,ホタテのテグス,,ほ
可燃,ボタン,木製・プラ製,ほ
不燃,ボタン,金属製,ほ
不燃,ボタン電池,,ほ
不燃,ポット（魔法ビン）,,ほ
不燃,ホットプレート,,ほ
不燃,ホッチキス,,ほ
その他プラ,ポテトチップス,袋（プラマーク付）,ほ
不燃,ほ乳びん,ガラス製,ほ
可燃,ほ乳びん,プラ製,ほ
可燃,ほ乳びん,乳首,ほ
可燃粗大,ポリタンク（灯油・水）,,ほ
可燃粗大,ポリバケツ,,ほ
可燃,保冷剤,,ほ
可燃,保冷シート,,ほ
可燃粗大,ポロシャツ,,ほ
可燃,ホワイトボード（家庭用）,３０ｃｍ未満,ほ
可燃粗大,ホワイトボード（家庭用）,30ｃｍ以上,ほ
紙パック等,本・雑誌,,ほ
可燃粗大,本棚,木製,ほ
不燃粗大,本棚,金属製,ほ
可燃,マウスパッド,,ま
可燃,マーガリン,容器・ふた（プラ製）,ま
その他紙,マーガリン,紙箱,ま
可燃粗大,マージャンセット,卓・マット,ま
不燃,マージャンセット,パイセット,ま
不燃,巻尺,,ま
可燃粗大,まくら,本体・カバー,ま
不燃粗大,まくら,磁器まくら,ま
不燃,マグカップ,,ま
不燃,マグネット,,ま
可燃,マジック,,ま
可燃,マジックインク,プラ製,ま
不燃,マジックインク,ガラス製・金属製,ま
可燃,マジックテープ,,ま
可燃,マスク,,ま
不燃,マッサージ器,ハンドタイプ,ま
不燃粗大,マッサージ器,椅子タイプ,ま
可燃,マッチ,,ま
可燃粗大,マット,玄関・台所・風呂用,ま
可燃粗大,マット,キャンプ用,ま
可燃粗大,マットレス,折りたためるもの,ま
不燃粗大,マットレス,スプリング式・折りたためないもの,ま
不燃粗大,マットレス,磁気マットレス,ま
可燃粗大,まな板,木製・プラ製,ま
不燃,マニキュア,びん,ま
可燃,マニキュア,ふた（プラ製）,ま
可燃,マフラー・襟巻き,,ま
不燃粗大,ママさんダンプ,,ま
可燃,マヨネーズ,容器・ふた（プラ製）,ま
その他プラ,マヨネーズ,外装フィルム（プラ製）,ま
可燃,マルチシート,家庭菜園用,ま
不燃,万年筆,,ま
不燃,万歩計,,ま
その他プラ,みかんネット,,み
不燃,ミキサー（調理用）,,み
不燃,ミシン,ポータブル（電動式）,み
不燃粗大,ミシン,大型・足踏み式,み
可燃,水差し,プラ製（30cm未満）,み
可燃粗大,水差し,プラ製（30cm以上）,み
不燃,水差し,金属製・陶器製・ガラス製,み
可燃,水取りシート,,み
可燃,水まくら,,み
その他プラ,みそ,容器（プラ製・プラマーク付）,み
可燃,みそ,袋,み
可燃,ミニカー（玩具）,プラ製,み
不燃,ミニカー（玩具）,金属製,み
可燃,ミニスキー,プラ製（30cm未満）,み
可燃粗大,ミニスキー,プラ製（30cm以上）,み
不燃粗大,ミニスキー,金具つきのもの,み
可燃,耳かき,木製・竹製・プラ製,み
不燃,耳かき,金属製,み
ペットボトル,みりん,ボトル（PET1マーク付）,み
その他プラ,みりん,ボトル（プラ製・プラマーク付）,み
びん,みりん,びん,み
その他プラ,みりん,ふた（プラ製・プラマーク付）,み
不燃,みりん,ふた（金属製）,み
不燃,ミルク缶,缶,み
不燃,ミルク缶,ふた（金属製）,み
その他プラ,ミルク缶,ふた（プラ製・プラマーク付）,み
可燃粗大,虫取り網,,む
可燃,虫取りカゴ,プラ製,む
不燃,虫めがね,ガラス製・金属製,む
可燃,虫めがね,プラ製,む
不燃,虫よけスプレー,,む
可燃粗大,むしろ,,む
不燃,無線機（携帯用）,,む
可燃,名刺入れ,プラ製・革製,め
不燃,名刺入れ,金属製,め
可燃,めがね,プラ製,め
不燃,めがね,ガラス製・金属製,め
可燃,めがね,ケース（プラ製・革製）,め
不燃,めがね,ケース（金属製）,め
不燃,めがね,洗浄器,め
その他プラ,目薬,容器・ふた（プラ製・プラマーク付）,め
不燃,目覚まし時計,,め
不燃,メジャー,,め
不燃,メトロノーム,,め
可燃,綿棒,使用済綿棒,め
その他プラ,綿棒,容器（プラ製・プラマーク付）,め
可燃粗大,毛布,,も
不燃,燃え殻,,も
不燃粗大,餅つき器,,も
可燃,モップ,モップ本体,も
不燃粗大,モップ,ポール（柄の部分）,も
不燃粗大,物干し,ポール・支柱,も
収集しません,物干し,コンクリート台,も
不燃,やかん,,や
不燃粗大,焼き網,,や
ペットボトル,焼肉のたれ,ボトル（PET1マーク付）,や
その他プラ,焼肉のたれ,ボトル（プラマーク付）,や
びん,焼肉のたれ,びん,や
その他プラ,焼肉のたれ,ふた（プラ製・プラマーク付）,や
不燃,焼肉のたれ,ふた（金属製）,や
不燃,野球スパイク,,や
可燃,野球ボール,軟式,や
不燃,野球ボール,硬式,や
その他プラ,ヤクルト,容器（プラマーク付）,や
不燃,ヤクルト,ふた（銀紙）,や
可燃,野菜,野菜くず,や
可燃,野菜,包装ラップ,や
可燃粗大,浴衣,,ゆ
可燃,ゆうパック,袋（紙製）,ゆ
可燃粗大,床暖房,シート,ゆ
不燃粗大,床暖房,シート（温熱コード入り床暖マット）,ゆ
不燃粗大,床暖房,パネル,ゆ
可燃粗大,雪かき・スノーダンプ,プラ製,ゆ
不燃粗大,雪かき・スノーダンプ,金属製,ゆ
不燃,湯たんぽ,金属製,ゆ
可燃,湯たんぽ,プラ製,ゆ
不燃,湯沸しポット,,ゆ
可燃粗大,洋服,,よ
可燃,洋服ブラシ,,よ
その他プラ,ヨーグルト,容器（プラ製・プラマーク付）,よ
その他紙,ヨーグルト,容器（紙製）,よ
びん,ヨーグルト,びん,よ
可燃,ヨーグルト,スプーン,よ
その他プラ,ヨーグルト,スプーンの袋（プラ製）,よ
その他紙,ヨーグルト,台紙,よ
その他プラ,ヨーグルト,外装フィルム（プラ製）,よ
その他プラ,ヨーグルト,ふた（プラ製・プラマーク付）,よ
不燃,ヨーグルト,ふた（金属製）,よ
収集しません,浴槽,,よ
不燃,ライター・使い捨てライター,プラ製,ら
不燃,ライター・使い捨てライター,金属製,ら
不燃,ライター・使い捨てライター,オイル缶,ら
不燃,ライター・使い捨てライター,ガス缶,ら
不燃,ライター・使い捨てライター,石,ら
可燃粗大,ラケット,木製・プラ製,ら
不燃粗大,ラケット,金属製,ら
不燃,ラジオ,,ら
不燃粗大,ラジカセ,,ら
不燃,ラジコン,,ら
びん,らっきょう,びん,ら
その他プラ,らっきょう,袋（プラ製・プラマーク付）,ら
不燃,らっきょう,ふた（金属製）,ら
可燃,ラップ,ラップ,ら
可燃,ラップ,芯（紙製）,ら
不燃,ラップ,金属の刃,ら
その他紙,ラップ,外箱,ら
びん,ラムネ,びん,ら
可燃,ラムネ,栓抜き（プラ製）,ら
その他プラ,ラムネ,外装フィルム（プラ製）,ら
不燃,ランタン,,ら
不燃,ランチジャー,,ら
不燃,ランドセル,,ら
不燃粗大,ランニングマシーン,,ら
不燃,ランプ,,ら
可燃,リップクリーム,容器（プラ製）,り
不燃,リップクリーム,容器（金属製）,り
不燃,リモコン,,り
収集しません,リヤカー,,り
可燃粗大,リュックサック,,り
その他プラ,リンス・トリートメント,容器（プラ製・プラマーク付）,り
可燃,リンス・トリートメント,ポンプ部分,り
その他プラ,リンス・トリートメント,詰め替え用（プラ製・プラマーク付）,り
収集しません,冷蔵庫,,れ
収集しません,冷凍庫（フリーザー）,,れ
可燃,レーザーディスク,,れ
不燃粗大,レーザーディスクプレーヤー,,れ
可燃,レコード,,れ
不燃粗大,レコードプレーヤー,,れ
その他プラ,レジ袋,プラマーク付,れ
可燃粗大,レジャーシート,,れ
可燃,レトルト食品,ビニール製パック（プラマーク付）,れ
びん,レトルト食品,びん,れ
その他紙,レトルト食品,外箱（紙製）,れ
収集しません,レンガ,,れ
可燃,れんげ,木製・プラ製,れ
不燃,れんげ,陶器製,れ
不燃,レンジガード,,れ
その他プラ,冷凍食品,容器（プラ製・プラマーク付）,れ
その他プラ,冷凍食品,容器（発泡スチロール製）,れ
その他プラ,冷凍食品,外袋（プラ製・プラマーク付）,れ
その他紙,冷凍食品,外箱（紙製）,れ
可燃,ろうそく,,ろ
可燃,ロープ,事業用以外のもの,ろ
不燃,ローラースケート,,ろ
不燃,ローラーブレード,,ろ
不燃,ロールカーテン,ロールスクリーン,ろ
不燃粗大,ロッカー（家庭用）,スチール製,ろ
不燃粗大,ワープロ,,わ
可燃,ワイシャツ,,わ
不燃,ワイパー,自動車用,わ
びん,ワイン,びん,わ
可燃,ワイン,コルク栓,わ
不燃,ワイン,外蓋（アルミ製）,わ
可燃,輪ゴム,,わ
可燃粗大,ワゴン（台所用）,木製・プラ製,わ
不燃粗大,ワゴン（台所用）,金属製,わ
可燃,わさび・からし,チューブ（プラ製）,わ
びん,わさび・からし,びん,わ
缶,わさび・からし,缶,わ
不燃,わさび・からし,ふた（金属製）,わ
可燃,綿（わた）,,わ
不燃,ワックス,缶,わ
可燃,ワックス,プラ製,わ
可燃,割り箸,箸,わ
その他紙,割り箸,袋（紙製）,わ
その他プラ,割り箸,袋（プラ製・プラマーク付）,わ
びん,ワンカップ,びん,わ
不燃,ワンカップ,ふた（金属製）,わ
可燃,ワンカップ,ふた（プラ製）,わ
,,,
,,,
,,,
,,,
,,,
,,,
,,,
,,,
,,,
,,,
,,,
,,,
,,,
,,,
,,,
,,,